<?xml version="1.0" encoding="UTF-8" standalone="yes"?>
<addon id="repository.stealthplus" name="IPTV Stealth Plus Repository" version="1.0" provider-name="iptvstealth.com">
	<extension point="xbmc.addon.repository" name="stealth repository2">
		<info compressed="false">http://repo-stealth.com/plus2/addons.xml</info>
		<checksum>http://repo-stealth.com/plus2/addons.xml.md5</checksum>
		<datadir zip="true">http://repo-stealth.com/plus2/zips</datadir>
	</extension>
	<extension point="xbmc.addon.metadata">
		<summary>Install stealth</summary>
		<description>Download latest iptv stealth</description>
		<platform>all</platform>
	</extension>
</addon>

